date,country,country_code,ranking,points,prev_points,prev_rank,confederation,pts_avg_1,pts_avg_wgt_1,pts_avg_2,pts_avg_wgt_2,pts_avg_3,pts_avg_wgt_3,pts_avg_4,pts_avg_wgt_4
2016-04-07,Argentina,ARG,1,1532(1531.67),1457,1,CONMEBOL,769.42,769.42,919.87,459.93,512.98,153.90,742.10,148.42
2016-04-07,Belgium,BEL,2,1352(1351.56),1506,-1,UEFA,592.33,592.33,929.90,464.95,552.65,165.79,642.41,128.48
2016-04-07,Chile,CHI,3,1348(1347.63),1307,2,CONMEBOL,850.55,850.55,489.25,244.63,584.18,175.25,386.02,77.20
2016-04-07,Colombia,COL,4,1337(1336.71),1215,4,CONMEBOL,617.18,617.18,772.00,386.00,619.07,185.72,739.06,147.81
2016-04-07,Germany,GER,5,1309(1309.31),1355,-1,UEFA,463.51,463.51,1033.19,516.60,589.60,176.88,761.63,152.33
2016-04-07,Spain,ESP,6,1277(1276.81),1374,-3,UEFA,684.65,684.65,440.29,220.15,683.14,204.94,835.36,167.07
2016-04-07,Brazil,BRA,7,1251(1250.94),1254,-1,CONMEBOL,565.90,565.90,793.26,396.63,762.73,228.82,297.92,59.58
2016-04-07,Portugal,POR,8,1184(1184.03),1234,-1,UEFA,576.48,576.48,584.73,292.36,682.02,204.60,552.90,110.58
2016-04-07,Uruguay,URU,9,1158(1157.57),1082,2,CONMEBOL,596.12,596.12,597.48,298.74,692.90,207.87,274.21,54.84
2016-04-07,England,ENG,10,1069(1069.34),1112,-1,UEFA,556.48,556.48,517.02,258.51,464.95,139.49,574.33,114.87
2016-04-07,Austria,AUT,11,1067(1066.83),1095,-1,UEFA,610.71,610.71,548.51,274.26,445.36,133.61,241.30,48.26
2016-04-07,Ecuador,ECU,12,1019(1018.76),1039,1,CONMEBOL,626.79,626.79,325.19,162.59,276.65,83.00,731.89,146.38
2016-04-07,Turkey,TUR,13,983(983.38),943,7,UEFA,679.94,679.94,256.89,128.44,392.72,117.82,285.88,57.18
2016-04-07,Switzerland,SUI,14,974(974.11),1070,-2,UEFA,390.85,390.85,545.66,272.83,678.06,203.42,535.07,107.01
2016-04-07,Italy,ITA,15,959(958.79),999,-1,UEFA,411.89,411.89,518.05,259.03,557.81,167.34,602.66,120.53
2016-04-07,Mexico,MEX,16,934(933.51),902,6,CONCACAF,465.44,465.44,483.79,241.90,404.36,121.31,524.36,104.87
2016-04-07,Netherlands,NED,17,931(930.54),997,-2,UEFA,269.28,269.28,886.14,443.07,403.65,121.10,485.47,97.09
2016-04-07,Hungary,HUN,18,925(925.03),951,1,UEFA,600.77,600.77,339.37,169.68,237.12,71.13,417.25,83.45
2016-04-07,Romania,ROU,19,922(922.29),990,-3,UEFA,370.01,370.01,689.03,344.52,401.73,120.52,436.19,87.24
2016-04-07,Bosnia and Herzegovina,BIH,20,913(913.11),917,1,UEFA,527.23,527.23,363.33,181.67,334.69,100.41,519.05,103.81
2016-04-07,France,FRA,21,907(906.99),871,3,UEFA,347.19,347.19,652.83,326.41,481.01,144.30,445.41,89.08
2016-04-07,Ukraine,UKR,22,880(879.75),845,5,UEFA,467.03,467.03,312.37,156.18,594.92,178.48,390.29,78.06
2016-04-07,Croatia,CRO,23,856(855.61),965,-5,UEFA,382.82,382.82,524.25,262.13,268.93,80.68,649.93,129.99
2016-04-07,Wales,WAL,24,839(839.38),984,-7,UEFA,404.91,404.91,572.55,286.28,310.21,93.06,275.67,55.13
2016-04-07,Costa Rica,CRC,25,826(826.35),784,8,CONCACAF,304.31,304.31,629.32,314.66,456.00,136.80,352.89,70.58
2016-04-07,Northern Ireland,NIR,26,825(824.95),833,2,UEFA,477.71,477.71,486.34,243.17,255.07,76.52,137.75,27.55
2016-04-07,Poland,POL,27,821(821.5),789,4,UEFA,450.51,450.51,503.18,251.59,209.50,62.85,282.75,56.55
2016-04-07,Russia,RUS,27,821(821.13),892,-4,UEFA,419.66,419.66,358.27,179.14,372.08,111.63,553.52,110.70
2016-04-07,Czech Republic,CZE,29,810(809.99),861,-4,UEFA,357.67,357.67,543.62,271.81,311.87,93.56,434.77,86.95
2016-04-07,USA,USA,29,810(809.62),792,1,CONCACAF,385.31,385.31,306.89,153.45,640.42,192.13,393.69,78.74
2016-04-07,Republic of Ireland,IRL,31,792(792.45),809,-2,UEFA,553.91,553.91,289.38,144.69,160.33,48.10,228.81,45.76
2016-04-07,Slovakia,SVK,32,784(784.25),858,-6,UEFA,325.55,325.55,633.64,316.82,341.50,102.45,197.18,39.44
2016-04-07,Algeria,ALG,33,771(770.97),743,4,CAF,302.92,302.92,504.06,252.03,457.54,137.26,393.81,78.76
2016-04-07,CÃ´te d'Ivoire,CIV,34,738(738.38),744,2,CAF,294.49,294.49,485.12,242.56,326.26,97.88,517.23,103.45
2016-04-07,Iceland,ISL,35,724(724.13),741,3,UEFA,339.98,339.98,437.70,218.85,318.00,95.40,349.50,69.90
2016-04-07,Sweden,SWE,36,713(713.3),769,-2,UEFA,378.28,378.28,304.52,152.26,363.92,109.18,367.96,73.59
2016-04-07,Greece,GRE,37,695(694.68),718,2,UEFA,240.87,240.87,357.79,178.90,586.67,176.00,494.61,98.92
2016-04-07,Ghana,GHA,38,693(693.03),656,3,CAF,278.93,278.93,487.52,243.76,270.20,81.06,446.37,89.27
2016-04-07,Paraguay,PAR,39,690(689.66),642,4,CONMEBOL,495.29,495.29,148.71,74.35,232.57,69.77,251.23,50.25
2016-04-07,Scotland,SCO,40,687(687.32),617,5,UEFA,287.76,287.76,376.21,188.10,594.04,178.21,166.25,33.25
2016-04-07,Denmark,DEN,41,686(686.47),706,-1,UEFA,312.44,312.44,388.85,194.42,355.11,106.53,365.36,73.07
2016-04-07,Iran,IRN,42,672(672.3),627,2,AFC,321.98,321.98,336.87,168.43,439.32,131.80,250.48,50.10
2016-04-07,Senegal,SEN,43,651(651.48),603,5,CAF,267.91,267.91,512.51,256.26,270.76,81.23,230.41,46.08
2016-04-07,Egypt,EGY,44,648(647.52),589,9,CAF,323.98,323.98,208.42,104.21,582.67,174.80,222.65,44.53
2016-04-07,Albania,ALB,45,632(631.96),754,-10,UEFA,259.69,259.69,470.75,235.37,164.81,49.44,437.27,87.45
2016-04-07,Peru,PER,46,625(624.55),646,-4,CONMEBOL,372.92,372.92,183.44,91.72,281.73,84.52,376.97,75.39
2016-04-07,Cape Verde Islands,CPV,47,620(620.4),789,-16,CAF,241.19,241.19,407.97,203.99,374.62,112.39,314.19,62.84
2016-04-07,Tunisia,TUN,47,620(620.37),609,0,CAF,221.51,221.51,484.87,242.44,276.96,83.09,366.71,73.34
2016-04-07,Norway,NOR,49,605(605.38),594,2,UEFA,367.04,367.04,237.04,118.52,182.88,54.86,324.78,64.96
2016-04-07,Australia,AUS,50,601(600.64),506,17,AFC,353.81,353.81,272.17,136.09,240.62,72.19,192.79,38.56
2016-04-07,Congo DR,COD,51,596(596.37),565,7,CAF,297.93,297.93,382.36,191.18,155.11,46.53,303.67,60.73
2016-04-07,Panama,PAN,52,593(592.93),576,3,CONCACAF,293.86,293.86,209.56,104.78,392.48,117.74,382.75,76.55
2016-04-07,Trinidad and Tobago,TRI,53,592(591.95),598,-4,CONCACAF,331.93,331.93,284.28,142.14,227.24,68.17,248.56,49.71
2016-04-07,Jamaica,JAM,54,585(584.7),593,-2,CONCACAF,359.58,359.58,261.82,130.91,120.08,36.02,290.93,58.19
2016-04-07,Serbia,SRB,55,581(580.77),596,-5,UEFA,300.14,300.14,176.18,88.09,449.17,134.75,289.00,57.80
2016-04-07,Korea Republic,KOR,56,579(579.33),566,1,AFC,304.20,304.20,312.46,156.23,217.75,65.32,267.84,53.57
2016-04-07,Japan,JPN,57,577(577.02),575,-1,AFC,266.44,266.44,335.96,167.98,213.61,64.08,392.56,78.51
2016-04-07,Guinea,GUI,58,570(570.27),540,5,CAF,228.79,228.79,395.33,197.66,323.18,96.95,234.30,46.86
2016-04-07,Congo,CGO,59,562(561.89),564,0,CAF,253.26,253.26,420.24,210.12,127.42,38.23,301.43,60.29
2016-04-07,Saudi Arabia,KSA,60,559(559.01),562,0,AFC,380.91,380.91,118.20,59.10,297.06,89.12,149.41,29.88
2016-04-07,Slovenia,SVN,61,558(558.41),577,-7,UEFA,231.11,231.11,278.03,139.01,529.05,158.72,147.83,29.57
2016-04-07,Finland,FIN,61,558(558.37),615,-15,UEFA,328.63,328.63,146.29,73.14,367.11,110.13,232.35,46.47
2016-04-07,Cameroon,CMR,63,556(556.44),551,-2,CAF,236.73,236.73,321.70,160.85,345.86,103.76,275.53,55.11
2016-04-07,Morocco,MAR,64,555(554.5),424,17,CAF,381.65,381.65,138.27,69.14,210.95,63.29,202.15,40.43
2016-04-07,Mali,MLI,65,551(551.11),490,8,CAF,273.89,273.89,276.00,138.00,129.07,38.72,502.51,100.50
2016-04-07,Uzbekistan,UZB,66,549(548.8),484,8,AFC,311.74,311.74,181.07,90.54,303.39,91.02,277.53,55.51
2016-04-07,Nigeria,NGA,67,534(533.96),547,-5,CAF,190.76,190.76,326.03,163.02,275.43,82.63,487.76,97.55
2016-04-07,United Arab Emirates,UAE,68,521(520.95),517,-4,AFC,256.74,256.74,242.20,121.10,291.77,87.53,277.90,55.58
2016-04-07,Bulgaria,BUL,69,508(507.55),500,1,UEFA,233.89,233.89,270.26,135.13,185.66,55.70,414.15,82.83
2016-04-07,South Africa,RSA,70,507(506.9),500,0,CAF,223.03,223.03,322.64,161.32,220.15,66.05,282.51,56.50
2016-04-07,Haiti,HAI,71,502(501.96),517,-7,CONCACAF,288.34,288.34,204.55,102.27,179.24,53.77,287.83,57.57
2016-04-07,Uganda,UGA,72,491(490.94),506,-5,CAF,242.22,242.22,284.85,142.42,190.95,57.28,245.07,49.01
2016-04-07,Benin,BEN,73,489(488.9),464,4,CAF,294.77,294.77,191.44,95.72,165.12,49.54,244.38,48.88
2016-04-07,Venezuela,VEN,74,476(476.24),480,1,CONMEBOL,229.87,229.87,139.94,69.97,320.04,96.01,401.95,80.39
2016-04-07,Burkina Faso,BFA,75,469(468.78),392,11,CAF,187.85,187.85,260.77,130.38,247.79,74.34,381.09,76.22
2016-04-07,Israel,ISR,76,467(466.71),506,-9,UEFA,140.66,140.66,428.07,214.03,199.00,59.70,261.59,52.32
2016-04-07,Belarus,BLR,77,465(464.75),517,-13,UEFA,269.47,269.47,207.01,103.51,141.74,42.52,246.27,49.25
2016-04-07,Zambia,ZAM,78,460(459.94),457,0,CAF,205.20,205.20,305.97,152.98,134.92,40.48,306.39,61.28
2016-04-07,Bolivia,BOL,79,440(439.52),499,-7,CONMEBOL,240.81,240.81,88.83,44.42,240.17,72.05,411.25,82.25
2016-04-07,Cyprus,CYP,80,426(425.85),442,-1,UEFA,251.21,251.21,245.03,122.51,83.75,25.13,135.00,27.00
2016-04-07,China PR,CHN,81,423(423.24),351,15,AFC,234.48,234.48,245.50,122.75,132.40,39.72,131.43,26.29
2016-04-07,Jordan,JOR,82,418(418.02),414,0,AFC,257.18,257.18,61.72,30.86,272.08,81.62,241.77,48.35
2016-04-07,Equatorial Guinea,EQG,83,416(416.25),479,-7,CAF,157.23,157.23,402.98,201.49,67.94,20.38,185.76,37.15
2016-04-07,Qatar,QAT,83,416(415.92),441,-3,AFC,251.18,251.18,171.62,85.81,160.54,48.16,153.89,30.78
2016-04-07,Antigua and Barbuda,ATG,85,413(412.51),373,5,CONCACAF,268.81,268.81,238.21,119.11,0.00,0.00,122.96,24.59
2016-04-07,Honduras,HON,86,403(403.23),375,3,CONCACAF,162.82,162.82,66.68,33.34,480.75,144.22,314.24,62.85
2016-04-07,Rwanda,RWA,87,401(400.61),397,-2,CAF,177.52,177.52,368.65,184.33,78.73,23.62,75.76,15.15
2016-04-07,Gabon,GAB,88,395(394.78),412,-5,CAF,119.88,119.88,380.65,190.33,177.05,53.12,157.33,31.47
2016-04-07,Guatemala,GUA,89,387(387.15),354,6,CONCACAF,221.96,221.96,244.52,122.26,12.50,3.75,195.93,39.19
2016-04-07,Faroe Islands,FRO,90,383(382.82),357,3,UEFA,241.31,241.31,270.27,135.14,21.25,6.38,0.00,0.00
2016-04-07,Botswana,BOT,91,379(379.44),370,1,CAF,215.11,215.11,157.39,78.70,227.74,68.32,86.55,17.31
2016-04-07,St. Kitts and Nevis,SKN,92,368(367.95),284,29,CONCACAF,241.97,241.97,225.55,112.78,0.00,0.00,66.00,13.20
2016-04-07,Estonia,EST,93,366(366.4),376,-5,UEFA,209.43,209.43,179.98,89.99,144.31,43.29,118.40,23.68
2016-04-07,Montenegro,MNE,94,365(364.85),409,-10,UEFA,118.91,118.91,203.39,101.70,160.11,48.03,481.06,96.21
2016-04-07,Canada,CAN,95,357(357.5),385,-8,CONCACAF,229.53,229.53,134.67,67.33,54.61,16.38,221.25,44.25
2016-04-07,Central African Republic,CTA,96,355(355.07),302,14,CAF,268.46,268.46,21.50,10.75,0.00,0.00,379.32,75.86
2016-04-07,Chad,CHA,97,348(347.86),275,30,CAF,293.25,293.25,109.22,54.61,0.00,0.00,0.00,0.00
2016-04-07,El Salvador,SLV,98,347(347.29),340,1,CONCACAF,171.16,171.16,133.55,66.77,267.17,80.15,146.01,29.20
2016-04-07,Oman,OMA,99,346(346.42),342,-2,AFC,176.62,176.62,124.70,62.35,242.23,72.67,173.89,34.78
2016-04-07,Kyrgyzstan,KGZ,100,340(340.42),324,5,AFC,255.80,255.80,66.96,33.48,41.48,12.44,193.50,38.70
2016-04-07,Mozambique,MOZ,101,338(337.55),337,-1,CAF,148.62,148.62,255.91,127.96,87.02,26.11,174.35,34.87
2016-04-07,Guinea-Bissau,GNB,102,336(335.57),207,45,CAF,233.27,233.27,204.61,102.30,0.00,0.00,0.00,0.00
2016-04-07,Togo,TOG,103,334(334.03),333,-2,CAF,115.93,115.93,226.46,113.23,145.77,43.73,305.70,61.14
2016-04-07,Mauritania,MTN,103,334(333.95),320,3,CAF,202.58,202.58,178.18,89.09,79.67,23.90,91.85,18.37
2016-04-07,Iraq,IRQ,105,333(332.97),371,-14,AFC,157.68,157.68,218.68,109.34,119.25,35.78,150.88,30.18
2016-04-07,Nicaragua,NCA,106,329(328.9),302,4,CONCACAF,271.24,271.24,91.07,45.54,0.00,0.00,60.63,12.13
2016-04-07,Malawi,MWI,107,326(326.19),329,-3,CAF,154.56,154.56,237.82,118.91,73.69,22.11,153.08,30.62
2016-04-07,Latvia,LVA,108,323(322.61),341,-10,UEFA,141.64,141.64,242.61,121.31,132.60,39.78,99.40,19.88
2016-04-07,Liberia,LBR,109,322(321.68),333,-8,CAF,228.44,228.44,76.11,38.06,53.15,15.94,196.20,39.24
2016-04-07,Syria,SYR,110,316(316.38),279,13,AFC,207.54,207.54,131.58,65.79,85.69,25.71,86.70,17.34
2016-04-07,Armenia,ARM,110,316(316.15),296,6,UEFA,95.87,95.87,86.88,43.44,520.63,156.19,103.28,20.66
2016-04-07,Korea DPR,PRK,112,314(314.17),356,-18,AFC,261.77,261.77,42.12,21.06,16.51,4.95,131.92,26.38
2016-04-07,Libya,LBY,112,314(313.96),319,-5,CAF,183.88,183.88,29.67,14.84,233.52,70.06,225.91,45.18
2016-04-07,Belize,BLZ,114,307(307.24),286,5,CONCACAF,255.85,255.85,42.50,21.25,19.71,5.91,121.15,24.23
2016-04-07,Kenya,KEN,115,303(302.8),331,-12,CAF,177.05,177.05,109.58,54.79,145.34,43.60,136.80,27.36
2016-04-07,Kazakhstan,KAZ,116,300(300.44),276,9,UEFA,202.52,202.52,86.64,43.32,129.57,38.87,78.67,15.73
2016-04-07,Philippines,PHI,116,300(300.2),263,19,AFC,208.01,208.01,111.25,55.63,43.97,13.19,116.86,23.37
2016-04-07,Sierra Leone,SLE,118,298(298.35),297,-3,CAF,124.68,124.68,120.50,60.25,198.23,59.47,269.75,53.95
2016-04-07,Thailand,THA,119,297(297.17),288,-1,AFC,210.49,210.49,103.38,51.69,54.18,16.25,93.67,18.73
2016-04-07,Niger,NIG,120,296(295.69),312,-12,CAF,163.94,163.94,106.44,53.22,114.63,34.39,220.71,44.14
2016-04-07,Angola,ANG,121,291(290.9),306,-12,CAF,114.11,114.11,193.26,96.63,146.36,43.91,181.25,36.25
2016-04-07,Burundi,BDI,122,290(289.65),273,7,CAF,182.11,182.11,119.12,59.56,70.69,21.21,133.87,26.77
2016-04-07,Georgia,GEO,123,289(289.12),283,-1,UEFA,186.43,186.43,73.16,36.58,84.64,25.39,203.60,40.72
2016-04-07,Ethiopia,ETH,123,289(288.7),285,-3,CAF,123.58,123.58,156.04,78.02,144.42,43.33,218.92,43.78
2016-04-07,Cuba,CUB,125,285(285.24),263,10,CONCACAF,116.68,116.68,127.99,63.99,136.98,41.09,317.35,63.47
2016-04-07,Kuwait,KUW,126,284(284.08),265,7,AFC,180.26,180.26,81.79,40.90,128.87,38.66,121.34,24.27
2016-04-07,Zimbabwe,ZIM,127,281(281.4),271,4,CAF,168.06,168.06,59.04,29.52,151.81,45.54,191.40,38.28
2016-04-07,Turkmenistan,TKM,128,277(276.79),298,-15,AFC,220.29,220.29,64.50,32.25,0.00,0.00,121.26,24.25
2016-04-07,Sudan,SDN,129,276(276.07),263,6,CAF,136.80,136.80,173.19,86.59,112.16,33.65,95.15,19.03
2016-04-07,Tanzania,TAN,130,274(274.4),276,-5,CAF,118.58,118.58,188.28,94.14,69.66,20.90,203.95,40.79
2016-04-07,Palestine,PLE,131,273(272.56),290,-14,AFC,183.41,183.41,141.43,70.72,0.00,0.00,92.14,18.43
2016-04-07,Bahrain,BHR,132,271(270.62),269,0,AFC,127.16,127.16,147.44,73.72,151.92,45.58,120.79,24.16
2016-04-07,Guyana,GUY,133,270(269.8),165,23,CONCACAF,227.80,227.80,54.68,27.34,0.00,0.00,73.28,14.66
2016-04-07,Azerbaijan,AZE,134,269(268.88),300,-22,UEFA,133.65,133.65,68.18,34.09,259.75,77.92,116.09,23.22
2016-04-07,Swaziland,SWZ,134,269(268.66),277,-10,CAF,220.71,220.71,60.99,30.50,35.26,10.58,34.40,6.88
2016-04-07,Namibia,NAM,136,267(266.56),265,-3,CAF,136.45,136.45,147.82,73.91,103.33,31.00,125.99,25.20
2016-04-07,Aruba,ARU,137,259(258.94),298,-24,CONCACAF,161.50,161.50,132.00,66.00,34.80,10.44,104.98,21.00
2016-04-07,Madagascar,MAD,138,257(257.1),272,-8,CAF,183.57,183.57,147.06,73.53,0.00,0.00,0.00,0.00
2016-04-07,Lithuania,LTU,139,254(253.96),274,-11,UEFA,83.60,83.60,200.22,100.11,150.44,45.13,125.60,25.12
2016-04-07,St. Lucia,LCA,140,238(237.91),216,4,CONCACAF,130.90,130.90,116.67,58.33,68.11,20.43,141.24,28.25
2016-04-07,FYR Macedonia,MKD,141,235(234.74),257,-3,UEFA,68.31,68.31,84.05,42.02,232.88,69.86,272.71,54.54
2016-04-07,Hong Kong,HKG,142,234(233.78),253,-3,AFC,176.18,176.18,58.76,29.38,21.50,6.45,108.87,21.77
2016-04-07,Barbados,BRB,143,231(230.88),227,0,CONCACAF,118.29,118.29,167.88,83.94,0.00,0.00,143.26,28.65
2016-04-07,Vietnam,VIE,144,228(228.3),210,2,AFC,132.05,132.05,96.12,48.06,119.71,35.91,61.37,12.27
2016-04-07,Luxembourg,LUX,145,221(220.8),233,-3,UEFA,127.22,127.22,66.89,33.44,166.30,49.89,51.25,10.25
2016-04-07,St. Vincent and the Grenadines,VIN,146,220(220.18),243,-5,CONCACAF,91.48,91.48,165.43,82.72,35.20,10.56,177.10,35.42
2016-04-07,Afghanistan,AFG,147,210(210.13),192,4,AFC,103.06,103.06,85.14,42.57,114.67,34.40,150.50,30.10
2016-04-07,Singapore,SIN,148,202(202.34),198,0,AFC,137.77,137.77,55.25,27.63,80.33,24.10,64.25,12.85
2016-04-07,Lesotho,LES,148,202(201.68),186,5,CAF,82.45,82.45,152.80,76.40,82.60,24.78,90.25,18.05
2016-04-07,SÃ£o TomÃ© e PrÃ­ncipe,STP,150,197(196.56),117,24,CAF,196.56,196.56,0.00,0.00,0.00,0.00,0.00,0.00
2016-04-07,Dominican Republic,DOM,151,193(193.05),150,8,CONCACAF,72.68,72.68,133.08,66.54,0.00,0.00,269.17,53.83
2016-04-07,CuraÃ§ao,CUW,152,191(191.28),192,-1,CONCACAF,119.00,119.00,128.71,64.36,26.40,7.92,0.00,0.00
2016-04-07,Puerto Rico,PUR,152,191(190.93),127,18,CONCACAF,140.08,140.08,45.90,22.95,0.00,0.00,139.48,27.90
2016-04-07,Mauritius,MRI,154,188(188.39),120,18,CAF,152.42,152.42,33.83,16.92,40.59,12.18,34.40,6.88
2016-04-07,South Sudan,SSD,155,182(181.82),246,-15,CAF,159.38,159.38,36.98,18.49,0.00,0.00,19.78,3.96
2016-04-07,Moldova,MDA,156,181(180.88),165,0,UEFA,49.12,49.12,93.18,46.59,224.18,67.26,89.60,17.92
2016-04-07,Grenada,GRN,157,176(176.34),139,4,CONCACAF,104.64,104.64,58.18,29.09,68.11,20.43,110.88,22.18
2016-04-07,Lebanon,LIB,157,176(175.62),215,-12,AFC,106.59,106.59,20.06,10.03,121.54,36.46,112.68,22.54
2016-04-07,Comoros,COM,159,166(166.41),119,14,CAF,137.36,137.36,40.42,20.21,23.74,7.12,8.60,1.72
2016-04-07,Maldives,MDV,160,165(164.82),161,-2,AFC,68.00,68.00,127.57,63.78,51.74,15.52,87.55,17.51
2016-04-07,New Zealand,NZL,161,163(163.31),196,-12,OFC,63.58,63.58,42.13,21.06,56.91,17.07,307.98,61.60
2016-04-07,Guam,GUM,162,151(151.46),169,-8,AFC,100.82,100.82,54.64,27.32,43.10,12.93,51.96,10.39
2016-04-07,India,IND,162,151(150.94),142,-2,AFC,67.02,67.02,85.00,42.50,58.58,17.57,119.22,23.84
2016-04-07,Malta,MLT,164,149(148.75),139,-3,UEFA,72.64,72.64,49.85,24.93,122.81,36.84,71.67,14.33
2016-04-07,Tajikistan,TJK,164,149(148.61),193,-14,AFC,67.47,67.47,71.37,35.69,28.38,8.51,184.73,36.95
2016-04-07,Myanmar,MYA,166,147(147.32),169,-12,AFC,81.03,81.03,89.94,44.97,0.00,0.00,106.57,21.31
2016-04-07,Gambia,GAM,167,145(144.6),135,-3,CAF,83.02,83.02,43.35,21.68,92.88,27.86,60.20,12.04
2016-04-07,Dominica,DMA,168,137(137.42),109,8,CONCACAF,84.15,84.15,59.03,29.51,35.20,10.56,66.00,13.20
2016-04-07,Bermuda,BER,169,135(134.72),135,-5,CONCACAF,53.98,53.98,161.50,80.75,0.00,0.00,0.00,0.00
2016-04-07,American Samoa,ASA,170,128(127.5),128,-3,OFC,127.50,127.50,0.00,0.00,0.00,0.00,0.00,0.00
2016-04-07,Cook Islands,COK,170,128(127.5),128,-3,OFC,127.50,127.50,0.00,0.00,0.00,0.00,0.00,0.00
2016-04-07,Samoa,SAM,170,128(127.5),128,-3,OFC,127.50,127.50,0.00,0.00,0.00,0.00,0.00,0.00
2016-04-07,Liechtenstein,LIE,173,120(119.53),137,-10,UEFA,26.87,26.87,142.31,71.16,40.00,12.00,47.50,9.50
2016-04-07,Malaysia,MAS,174,119(118.8),129,-8,AFC,57.38,57.38,47.40,23.70,79.30,23.79,69.66,13.93
2016-04-07,Timor-Leste,TLS,175,110(109.98),127,-5,AFC,31.88,31.88,135.58,67.79,0.00,0.00,51.60,10.32
2016-04-07,Yemen,YEM,176,98(98.2),112,-1,AFC,44.63,44.63,83.92,41.96,25.80,7.74,19.35,3.87
2016-04-07,Bangladesh,BAN,177,87(87.04),100,0,AFC,35.53,35.53,59.50,29.75,18.06,5.42,81.70,16.34
2016-04-07,Seychelles,SEY,178,83(82.9),56,13,CAF,54.36,54.36,25.50,12.75,52.63,15.79,0.00,0.00
2016-04-07,Nepal,NEP,179,80(79.73),70,6,AFC,48.57,48.57,21.25,10.63,52.32,15.70,24.19,4.84
2016-04-07,Vanuatu,VAN,180,72(72.25),47,14,OFC,59.50,59.50,0.00,0.00,0.00,0.00,63.75,12.75
2016-04-07,Chinese Taipei,TPE,181,70(70.14),80,0,AFC,31.88,31.88,45.37,22.68,30.44,9.13,32.25,6.45
2016-04-07,Cambodia,CAM,182,68(68.34),79,1,AFC,31.63,31.63,73.41,36.70,0.00,0.00,0.00,0.00
2016-04-07,Laos,LAO,182,68(68.16),88,-4,AFC,26.47,26.47,48.85,24.42,8.60,2.58,73.46,14.69
2016-04-07,Fiji,FIJ,182,68(68),68,4,OFC,59.50,59.50,0.00,0.00,0.00,0.00,42.50,8.50
2016-04-07,Indonesia,IDN,185,65(64.51),88,-7,AFC,0.00,0.00,70.38,35.19,70.87,21.26,40.26,8.05
2016-04-07,Bhutan,BHU,186,64(63.75),49,7,AFC,0.00,0.00,127.50,63.75,0.00,0.00,0.00,0.00
2016-04-07,Sri Lanka,SRI,187,58(58.28),62,2,AFC,25.50,25.50,24.29,12.14,25.80,7.74,64.50,12.90
2016-04-07,Suriname,SUR,188,57(56.82),57,2,CONCACAF,0.00,0.00,21.25,10.63,26.40,7.92,191.40,38.28
2016-04-07,Montserrat,MSR,188,57(56.82),67,-1,CONCACAF,0.00,0.00,87.25,43.63,0.00,0.00,66.00,13.20
2016-04-07,Pakistan,PAK,190,54(53.9),67,-3,AFC,0.00,0.00,50.83,25.42,43.00,12.90,77.94,15.59
2016-04-07,New Caledonia,NCL,191,53(53.43),80,-10,OFC,0.00,0.00,0.00,0.00,0.00,0.00,267.17,53.43
2016-04-07,Solomon Islands,SOL,192,46(46.48),26,8,OFC,25.50,25.50,0.00,0.00,0.00,0.00,104.90,20.98
2016-04-07,US Virgin Islands,VIR,193,44(43.99),88,-15,CONCACAF,0.00,0.00,87.98,43.99,0.00,0.00,0.00,0.00
2016-04-07,Macau,MAC,194,42(41.69),44,1,AFC,8.50,8.50,63.92,31.96,0.00,0.00,6.14,1.23
2016-04-07,Brunei Darussalam,BRU,195,37(36.88),74,-11,AFC,0.00,0.00,53.13,26.56,0.00,0.00,51.60,10.32
2016-04-07,Tahiti,TAH,196,35(35.12),56,-5,OFC,0.00,0.00,0.00,0.00,0.00,0.00,175.60,35.12
2016-04-07,Turks and Caicos Islands,TCA,197,33(33),33,0,CONCACAF,0.00,0.00,66.00,33.00,0.00,0.00,0.00,0.00
2016-04-07,Papua New Guinea,PNG,198,30(29.75),4,4,OFC,25.50,25.50,0.00,0.00,0.00,0.00,21.25,4.25
2016-04-07,Cayman Islands,CAY,199,21(21.25),43,-3,CONCACAF,0.00,0.00,42.50,21.25,0.00,0.00,0.00,0.00
2016-04-07,San Marino,SMR,200,20(19.8),28,-2,UEFA,0.00,0.00,39.60,19.80,0.00,0.00,0.00,0.00
2016-04-07,British Virgin Islands,VGB,201,14(14.13),27,-2,CONCACAF,0.00,0.00,17.71,8.85,0.00,0.00,26.40,5.28
2016-04-07,Andorra,AND,202,5(5.12),6,-1,UEFA,0.00,0.00,0.00,0.00,11.00,3.30,9.10,1.82
2016-04-07,Mongolia,MNG,203,4(4.3),4,-1,AFC,0.00,0.00,0.00,0.00,0.00,0.00,21.50,4.30
2016-04-07,Anguilla,AIA,204,0(0),0,0,CONCACAF,0.00,0.00,0.00,0.00,0.00,0.00,0.00,0.00
2016-04-07,Bahamas,BAH,204,0(0),0,0,CONCACAF,0.00,0.00,0.00,0.00,0.00,0.00,0.00,0.00
2016-04-07,Djibouti,DJI,204,0(0),0,0,CAF,0.00,0.00,0.00,0.00,0.00,0.00,0.00,0.00
2016-04-07,Eritrea,ERI,204,0(0),0,0,CAF,0.00,0.00,0.00,0.00,0.00,0.00,0.00,0.00
2016-04-07,Somalia,SOM,204,0(0),0,0,CAF,0.00,0.00,0.00,0.00,0.00,0.00,0.00,0.00
2016-04-07,Tonga,TGA,204,0(0),0,0,OFC,0.00,0.00,0.00,0.00,0.00,0.00,0.00,0.00
